{"accuracy": [0.6622037291526794, 0.7753703594207764, 0.7970185279846191, 0.8163148164749146, 0.8255184888839722, 0.8353703618049622, 0.8426666855812073, 0.8454814553260803, 0.8516111373901367, 0.8551111221313477, 0.865074098110199, 0.868759274482727, 0.8694444298744202, 0.8711666464805603, 0.8730185031890869, 0.8741481304168701, 0.8754259347915649, 0.8766481280326843, 0.8776481747627258, 0.87757408618927, 0.8802037239074707, 0.8790925741195679, 0.8819074034690857, 0.8829814791679382, 0.8874074220657349, 0.8871296048164368, 0.8884814977645874, 0.8889814615249634, 0.8881111145019531, 0.8900926113128662, 0.8913333415985107, 0.8900370597839355, 0.891703724861145, 0.8926851749420166, 0.8936296105384827, 0.895814836025238, 0.8960555791854858], "loss": [0.908046305179596, 0.6148270964622498, 0.5500170588493347, 0.504845380783081, 0.4757411777973175, 0.45656460523605347, 0.43795397877693176, 0.4262072741985321, 0.4091639816761017, 0.39862391352653503, 0.37027719616889954, 0.36298102140426636, 0.36299458146095276, 0.35802480578422546, 0.351090669631958, 0.3468039929866791, 0.34647154808044434, 0.34149420261383057, 0.33667975664138794, 0.3356703221797943, 0.3306313753128052, 0.3310922682285309, 0.3263882100582123, 0.3225669264793396, 0.31312647461891174, 0.3085387647151947, 0.310256689786911, 0.3054423928260803, 0.3058386445045471, 0.3047945201396942, 0.3004774749279022, 0.3000725209712982, 0.29931315779685974, 0.2998254895210266, 0.2920893728733063, 0.28933775424957275, 0.2879440486431122], "val_accuracy": [0.2214999943971634, 0.6308333277702332, 0.8295000195503235, 0.7401666641235352, 0.8293333053588867, 0.859499990940094, 0.8761666417121887, 0.8568333387374878, 0.8203333616256714, 0.8684999942779541, 0.8858333230018616, 0.8826666474342346, 0.8891666531562805, 0.893833339214325, 0.8953333497047424, 0.887666642665863, 0.8823333382606506, 0.8953333497047424, 0.8914999961853027, 0.8956666588783264, 0.9028333425521851, 0.9023333191871643, 0.8948333263397217, 0.9008333086967468, 0.8993333578109741, 0.9036666750907898, 0.9048333168029785, 0.8941666483879089, 0.8998333215713501, 0.9083333611488342, 0.9113333225250244, 0.9035000205039978, 0.9075000286102295, 0.9056666493415833, 0.9101666808128357, 0.9036666750907898, 0.9073333144187927], "val_loss": [3.1409170627593994, 1.1173206567764282, 0.45773249864578247, 0.7506288886070251, 0.4844813346862793, 0.38761022686958313, 0.35057201981544495, 0.4088651239871979, 0.47366076707839966, 0.35150688886642456, 0.3147629499435425, 0.32049018144607544, 0.2950277030467987, 0.28963327407836914, 0.28295862674713135, 0.29790017008781433, 0.30974093079566956, 0.27992352843284607, 0.2867578864097595, 0.28283020853996277, 0.262159526348114, 0.2742217779159546, 0.2745499610900879, 0.2661515474319458, 0.2713973820209503, 0.2571544647216797, 0.25623324513435364, 0.28007009625434875, 0.27014780044555664, 0.24889887869358063, 0.24268971383571625, 0.2601333558559418, 0.2482389360666275, 0.25837191939353943, 0.24672943353652954, 0.254160612821579, 0.24742761254310608], "learning_rate": [0.0010000000474974513, 0.0010000000474974513, 0.0010000000474974513, 0.0010000000474974513, 0.0010000000474974513, 0.0010000000474974513, 0.0010000000474974513, 0.0010000000474974513, 0.0010000000474974513, 0.0010000000474974513, 0.0005000000237487257, 0.0005000000237487257, 0.0005000000237487257, 0.0005000000237487257, 0.0005000000237487257, 0.0005000000237487257, 0.0005000000237487257, 0.0005000000237487257, 0.0005000000237487257, 0.0005000000237487257, 0.0005000000237487257, 0.0005000000237487257, 0.0005000000237487257, 0.0005000000237487257, 0.0002500000118743628, 0.0002500000118743628, 0.0002500000118743628, 0.0002500000118743628, 0.0002500000118743628, 0.0002500000118743628, 0.0002500000118743628, 0.0002500000118743628, 0.0002500000118743628, 0.0002500000118743628, 0.0001250000059371814, 0.0001250000059371814, 0.0001250000059371814]}