{"accuracy": [0.991777777671814, 0.9933703541755676, 0.994351863861084, 0.9959999918937683, 0.9959259033203125, 0.9965741038322449], "loss": [0.024385547265410423, 0.020072292536497116, 0.01855594478547573, 0.01335915457457304, 0.013820064254105091, 0.012081907130777836], "val_accuracy": [0.9431666731834412, 0.9448333382606506, 0.9453333616256714, 0.9440000057220459, 0.9441666603088379, 0.9446666836738586], "val_loss": [0.23275114595890045, 0.24864669144153595, 0.25018227100372314, 0.2581064999103546, 0.2510935366153717, 0.26083773374557495], "learning_rate": [2.499999936844688e-06, 2.499999936844688e-06, 2.499999936844688e-06, 1.249999968422344e-06, 1.249999968422344e-06, 9.999999974752427e-07]}